filingDate,year,form,accessionNumber,DocumentName,is10K
2024-08-19,2024,4,0000320193-24-000088,xslF345X05/wk-form4_1724106610.xml,0
2024-08-13,2024,4,0000320193-24-000086,xslF345X05/wk-form4_1723590126.xml,0
2024-08-07,2024,4,0000320193-24-000084,xslF345X05/wk-form4_1723069808.xml,0
2024-08-05,2024,144,0001950047-24-005824,xsl144X01/primary_doc.xml,0
2024-08-02,2024,10-Q,0000320193-24-000081,aapl-20240629.htm,0
2024-08-01,2024,8-K,0000320193-24-000080,aapl-20240801.htm,0
2024-06-03,2024,4,0000320193-24-000075,xslF345X05/wk-form4_1717453877.xml,0
2024-05-30,2024,144,0001921094-24-000702,xsl144X01/primary_doc.xml,0
2024-05-17,2024,4,0000320193-24-000073,xslF345X05/wk-form4_1715985021.xml,0
2024-05-16,2024,UPLOAD,0000000000-24-005673,filename1.pdf,0
2024-05-14,2024,4,0000320193-24-000071,xslF345X05/wk-form4_1715725806.xml,0
2024-05-03,2024,8-K,0001140361-24-024352,ef20028273_8k.htm,0
2024-05-03,2024,10-Q,0000320193-24-000069,aapl-20240330.htm,0
2024-05-02,2024,8-K,0000320193-24-000067,aapl-20240502.htm,0
2024-04-29,2024,CORRESP,0000320193-24-000061,filename1.htm,0
2024-04-17,2024,4,0000320193-24-000058,xslF345X05/wk-form4_1713393040.xml,0
2024-04-15,2024,4,0000320193-24-000056,xslF345X05/wk-form4_1713220262.xml,0
2024-04-15,2024,4,0000320193-24-000055,xslF345X05/wk-form4_1713220215.xml,0
2024-04-11,2024,144,0001958244-24-001666,xsl144X01/primary_doc.xml,0
2024-04-11,2024,144,0001973141-24-000220,xsl144X01/primary_doc.xml,0
2024-04-05,2024,CORRESP,0001140361-24-018378,filename1.htm,0
2024-04-03,2024,4,0000320193-24-000052,xslF345X05/wk-form4_1712183631.xml,0
2024-04-03,2024,4,0000320193-24-000051,xslF345X05/wk-form4_1712183580.xml,0
2024-04-03,2024,4,0000320193-24-000050,xslF345X05/wk-form4_1712183535.xml,0
2024-04-03,2024,4,0000320193-24-000049,xslF345X05/wk-form4_1712183493.xml,0
2024-04-03,2024,4,0000320193-24-000048,xslF345X05/wk-form4_1712183434.xml,0
2024-04-02,2024,144,0001973141-24-000208,xsl144X01/primary_doc.xml,0
2024-04-02,2024,144,0001950047-24-002876,xsl144X01/primary_doc.xml,0
2024-04-02,2024,144,0001959173-24-002769,xsl144X01/primary_doc.xml,0
2024-04-02,2024,UPLOAD,0000000000-24-003505,filename1.pdf,0
2024-03-27,2024,SD,0001140361-24-015633,ef20024616_sd.htm,0
2024-03-20,2024,CORRESP,0000320193-24-000042,filename1.htm,0
2024-03-06,2024,UPLOAD,0000000000-24-002512,filename1.pdf,0
2024-03-01,2024,4,0000320193-24-000039,xslF345X05/wk-form4_1709336196.xml,0
2024-03-01,2024,4,0000320193-24-000038,xslF345X05/wk-form4_1709336160.xml,0
2024-03-01,2024,4,0000320193-24-000037,xslF345X05/wk-form4_1709336113.xml,0
2024-03-01,2024,4,0000320193-24-000036,xslF345X05/wk-form4_1709336072.xml,0
2024-03-01,2024,4,0000320193-24-000035,xslF345X05/wk-form4_1709336002.xml,0
2024-03-01,2024,4,0000320193-24-000034,xslF345X05/wk-form4_1709335956.xml,0
2024-03-01,2024,4,0000320193-24-000033,xslF345X05/wk-form4_1709335906.xml,0
2024-03-01,2024,3,0000320193-24-000032,xslF345X02/wk-form3_1709335848.xml,0
2024-02-29,2024,144,0001921094-24-000276,xsl144X01/primary_doc.xml,0
2024-02-28,2024,8-K,0001140361-24-010155,ny20022580x1_8k.htm,0
2024-02-14,2024,SC 13G/A,0001193125-24-036431,d751537dsc13ga.htm,0
2024-02-13,2024,SC 13G/A,0001104659-24-020009,tv0017-appleinc.htm,0
2024-02-12,2024,SC 13G/A,0001086364-24-006980,us0378331005_021224.txt,0
2024-02-09,2024,PX14A6G,0001096906-24-000181,nlpc_px14a6g.htm,0
2024-02-05,2024,4,0000320193-24-000022,xslF345X05/wk-form4_1707176223.xml,0
2024-02-05,2024,4,0000320193-24-000021,xslF345X05/wk-form4_1707176183.xml,0
2024-02-05,2024,4,0000320193-24-000020,xslF345X05/wk-form4_1707176141.xml,0
2024-02-05,2024,4,0000320193-24-000019,xslF345X05/wk-form4_1707176086.xml,0
2024-02-05,2024,4,0000320193-24-000018,xslF345X05/wk-form4_1707176011.xml,0
2024-02-05,2024,4,0000320193-24-000017,xslF345X05/wk-form4_1707175959.xml,0
2024-02-05,2024,4,0000320193-24-000016,xslF345X05/wk-form4_1707175909.xml,0
2024-02-05,2024,4,0000320193-24-000015,xslF345X05/wk-form4_1707175857.xml,0
2024-02-05,2024,PX14A6G,0001096906-24-000156,bowy_px14a6g.htm,0
2024-02-02,2024,PX14A6G,0001096906-24-000151,bowy_px14a6g.htm,0
2024-02-02,2024,10-Q,0000320193-24-000006,aapl-20231230.htm,0
2024-02-01,2024,8-K,0000320193-24-000005,aapl-20240201.htm,0
2024-02-01,2024,PX14A6G,0001096906-24-000149,bowy_px14a6g.htm,0
2024-02-01,2024,PX14A6G,0001096906-24-000148,bowy_px14a6g.htm,0
2024-02-01,2024,PX14A6G,0001096906-24-000147,bowy_px14a6g.htm,0
2024-02-01,2024,PX14A6G,0001096906-24-000145,bowy_px14a6g.htm,0
2024-01-22,2024,PX14A6G,0001214659-24-001028,j119245px14a6g.htm,0
2024-01-17,2024,25-NSE,0001354457-24-000017,xslF25X02/primary_doc.xml,0
2024-01-11,2024,DEFA14A,0001308179-24-000011,laapl2024_defa14a.htm,0
2024-01-11,2024,DEF 14A,0001308179-24-000010,laapl2024_def14a.htm,0
2023-12-01,2023,4,0000320193-23-000113,xslF345X05/wk-form4_1701473530.xml,0
2023-11-20,2023,4,0000320193-23-000111,xslF345X05/wk-form4_1700523067.xml,0
2023-11-14,2023,4,0000320193-23-000109,xslF345X05/wk-form4_1700004649.xml,0
2023-11-03,2023,10-K,0000320193-23-000106,aapl-20230930.htm,1
2023-11-02,2023,8-K,0000320193-23-000104,aapl-20231102.htm,0
2023-10-17,2023,4,0000320193-23-000099,xslF345X05/wk-form4_1697581839.xml,0
2023-10-10,2023,4,0000320193-23-000097,xslF345X05/wk-form4_1696977071.xml,0
2023-10-10,2023,4,0000320193-23-000096,xslF345X05/wk-form4_1696977012.xml,0
2023-10-10,2023,144,0001958244-23-001819,xsl144X01/primary_doc.xml,0
2023-10-06,2023,144,0001958244-23-001817,xsl144X01/primary_doc.xml,0
2023-10-06,2023,144,0001973141-23-000238,xsl144X01/primary_doc.xml,0
2023-10-03,2023,4,0000320193-23-000093,xslF345X05/wk-form4_1696381746.xml,0
2023-10-03,2023,4,0000320193-23-000092,xslF345X05/wk-form4_1696381688.xml,0
2023-10-03,2023,4,0000320193-23-000091,xslF345X05/wk-form4_1696381604.xml,0
2023-10-03,2023,4,0000320193-23-000090,xslF345X05/wk-form4_1696381514.xml,0
2023-10-03,2023,4,0000320193-23-000089,xslF345X05/wk-form4_1696381457.xml,0
2023-10-03,2023,4,0000320193-23-000088,xslF345X05/wk-form4_1696381345.xml,0
2023-10-03,2023,144,0001950047-23-004374,xsl144X01/primary_doc.xml,0
2023-10-03,2023,144,0001973141-23-000233,xsl144X01/primary_doc.xml,0
2023-10-03,2023,144,0001959173-23-004170,xsl144X01/primary_doc.xml,0
2023-09-19,2023,4,0000320193-23-000081,xslF345X05/wk-form4_1695162617.xml,0
2023-08-08,2023,4,0000320193-23-000079,xslF345X05/wk-form4_1691533817.xml,0
2023-08-07,2023,144,0001973141-23-000171,xsl144X01/primary_doc.xml,0
2023-08-04,2023,10-Q,0000320193-23-000077,aapl-20230701.htm,0
2023-08-03,2023,8-K,0000320193-23-000075,aapl-20230803.htm,0
2023-05-18,2023,4,0000320193-23-000070,xslF345X04/wf-form4_168444912415136.xml,0
2023-05-12,2023,4,0000320193-23-000068,xslF345X04/wf-form4_168393061463065.xml,0
2023-05-10,2023,4,0000320193-23-000066,xslF345X04/wf-form4_168375780902324.xml,0
2023-05-10,2023,8-K,0001140361-23-023909,ny20007635x4_8k.htm,0
2023-05-09,2023,424B2,0001140361-23-023700,ny20007635x3_424b2.htm,0
2023-05-09,2023,FWP,0001140361-23-023544,ny20007635x2_fwp.htm,0
2023-05-08,2023,424B2,0001140361-23-023333,ny20007635x1_424b2.htm,0
2023-05-05,2023,10-Q,0000320193-23-000064,aapl-20230401.htm,0
2023-05-04,2023,8-K,0000320193-23-000063,aapl-20230504.htm,0
2023-04-18,2023,4,0000320193-23-000057,xslF345X04/wf-form4_168185708431590.xml,0
2023-04-17,2023,4,0000320193-23-000055,xslF345X04/wf-form4_168177065948283.xml,0
2023-04-13,2023,144,0001958244-23-000454,xsl144X01/primary_doc.xml,0
2023-04-10,2023,4,0000320193-23-000053,xslF345X04/wf-form4_168116581286812.xml,0
2023-04-06,2023,144,0001958244-23-000440,xsl144X01/primary_doc.xml,0
2023-04-04,2023,4,0000320193-23-000051,xslF345X04/wf-form4_168064766485466.xml,0
2023-04-04,2023,4,0000320193-23-000050,xslF345X04/wf-form4_168064761527635.xml,0
2023-04-04,2023,4,0000320193-23-000049,xslF345X04/wf-form4_168064754806371.xml,0
2023-04-04,2023,4,0000320193-23-000048,xslF345X04/wf-form4_168064750462974.xml,0
2023-04-04,2023,4,0000320193-23-000047,xslF345X04/wf-form4_168064745080973.xml,0
2023-03-24,2023,4,0000320193-23-000040,xslF345X04/wf-form4_167969705479427.xml,0
2023-03-16,2023,SD,0001140361-23-012065,brhc10048434_sd.htm,0
2023-03-14,2023,4,0000320193-23-000038,xslF345X03/wf-form4_167883332720098.xml,0
2023-03-14,2023,4,0000320193-23-000037,xslF345X03/wf-form4_167883328933055.xml,0
2023-03-14,2023,4,0000320193-23-000036,xslF345X03/wf-form4_167883325244111.xml,0
2023-03-14,2023,4,0000320193-23-000035,xslF345X03/wf-form4_167883321069337.xml,0
2023-03-14,2023,4,0000320193-23-000034,xslF345X03/wf-form4_167883316975236.xml,0
2023-03-14,2023,4,0000320193-23-000033,xslF345X03/wf-form4_167883310220723.xml,0
2023-03-14,2023,4,0000320193-23-000032,xslF345X03/wf-form4_167883306952487.xml,0
2023-03-14,2023,4,0000320193-23-000031,xslF345X03/wf-form4_167883304133328.xml,0
2023-03-10,2023,8-K,0001140361-23-011192,brhc10049413_8k.htm,0
2023-02-22,2023,PX14A6G,0001096906-23-000438,nlpc_px14a6g.htm,0
2023-02-22,2023,PX14A6G,0001096906-23-000437,nlpc_px14a6g.htm,0
2023-02-22,2023,PX14A6G,0001214659-23-002862,f214237px14a6g.htm,0
2023-02-14,2023,PX14A6G,0001096906-23-000372,nlpc_px14a6g.htm,0
2023-02-14,2023,SC 13G/A,0001193125-23-038262,d382361dsc13ga.htm,0
2023-02-09,2023,SC 13G/A,0001104659-23-015055,tv0017-appleinc.htm,0
2023-02-07,2023,SC 13G/A,0001306550-23-008266,us0378331005_020723.txt,0
2023-02-03,2023,4,0000320193-23-000022,xslF345X03/wf-form4_167546747536649.xml,0
2023-02-03,2023,4,0000320193-23-000021,xslF345X03/wf-form4_167546742335512.xml,0
2023-02-03,2023,4,0000320193-23-000020,xslF345X03/wf-form4_167546736542524.xml,0
2023-02-03,2023,4,0000320193-23-000019,xslF345X03/wf-form4_167546729886985.xml,0
2023-02-03,2023,4,0000320193-23-000018,xslF345X03/wf-form4_167546724839309.xml,0
2023-02-03,2023,4,0000320193-23-000017,xslF345X03/wf-form4_167546717269434.xml,0
2023-02-03,2023,4,0000320193-23-000016,xslF345X03/wf-form4_167546711444862.xml,0
2023-02-03,2023,4,0000320193-23-000015,xslF345X03/wf-form4_167546705890329.xml,0
2023-02-03,2023,DEFA14A,0001140361-23-004439,brhc10047294_defa14a.htm,0
2023-02-03,2023,10-Q,0000320193-23-000006,aapl-20221231.htm,0
2023-02-02,2023,8-K,0000320193-23-000005,aapl-20230202.htm,0
2023-01-30,2023,PX14A6G,0001214659-23-001246,d126231px14a6g.htm,0
2023-01-23,2023,PX14A6G,0001214659-23-000970,f120232px14a6g.htm,0
2023-01-12,2023,DEFA14A,0001308179-23-000020,laap2023_def14a.htm,0
2023-01-12,2023,DEF 14A,0001308179-23-000019,laap2023_def14a.htm,0
2022-11-23,2022,4,0000320193-22-000113,xslF345X03/wf-form4_166924620985339.xml,0
2022-11-09,2022,25-NSE,0001354457-22-000638,xslF25X02/primary_doc.xml,0
2022-11-07,2022,8-K,0001193125-22-278435,d400465d8k.htm,0
2022-11-01,2022,4,0000320193-22-000111,xslF345X03/wf-form4_166734181374173.xml,0
2022-10-28,2022,10-K,0000320193-22-000108,aapl-20220924.htm,1
2022-10-27,2022,8-K,0000320193-22-000107,aapl-20221027.htm,0
2022-10-18,2022,4,0000320193-22-000102,xslF345X03/wf-form4_166613234346671.xml,0
2022-10-18,2022,4,0000320193-22-000101,xslF345X03/wf-form4_166613226881196.xml,0
2022-10-04,2022,4,0000320193-22-000097,xslF345X03/wf-form4_166493494107053.xml,0
2022-10-04,2022,4,0000320193-22-000095,xslF345X03/wf-form4_166493432440801.xml,0
2022-10-04,2022,4,0000320193-22-000096,xslF345X03/wf-form4_166493485929155.xml,0
2022-10-04,2022,4,0000320193-22-000098,xslF345X03/wf-form4_166493500034922.xml,0
2022-09-27,2022,4,0000320193-22-000090,xslF345X03/wf-form4_166432987613616.xml,0
2022-09-27,2022,4,0000320193-22-000089,xslF345X03/wf-form4_166432981128707.xml,0
2022-09-27,2022,4,0000320193-22-000088,xslF345X03/wf-form4_166432973592639.xml,0
2022-09-27,2022,4,0000320193-22-000087,xslF345X03/wf-form4_166432966938808.xml,0
2022-09-27,2022,4,0000320193-22-000086,xslF345X03/wf-form4_166432958917508.xml,0
2022-09-27,2022,4,0000320193-22-000085,xslF345X03/wf-form4_166432952647630.xml,0
2022-08-22,2022,4/A,0000320193-22-000078,xslF345X03/wf-form4a_166120817922787.xml,0
2022-08-19,2022,4,0000320193-22-000076,xslF345X03/wf-form4_166094821148314.xml,0
2022-08-19,2022,8-K,0001193125-22-225365,d366128d8k.htm,0
2022-08-09,2022,4,0000320193-22-000074,xslF345X03/wf-form4_166008422355199.xml,0
2022-08-08,2022,8-K,0001193125-22-214914,d297151d8k.htm,0
2022-08-05,2022,4,0000320193-22-000072,xslF345X03/wf-form4_165973862846098.xml,0
2022-08-02,2022,424B2,0001193125-22-210056,d358144d424b2.htm,0
2022-08-02,2022,FWP,0001193125-22-209084,d297161dfwp.htm,0
2022-08-01,2022,424B2,0001193125-22-207773,d358144d424b2.htm,0
2022-07-29,2022,10-Q,0000320193-22-000070,aapl-20220625.htm,0
2022-07-28,2022,8-K,0000320193-22-000069,aapl-20220728.htm,0
2022-05-13,2022,4,0000320193-22-000063,xslF345X03/wf-form4_165248105838188.xml,0
2022-05-06,2022,4,0000320193-22-000061,xslF345X03/wf-form4_165187623819106.xml,0
2022-04-29,2022,S-8,0001193125-22-128368,d332661ds8.htm,0
2022-04-29,2022,S-8 POS,0001193125-22-128361,d279200ds8pos.htm,0
2022-04-29,2022,S-8 POS,0001193125-22-128354,d279200ds8pos.htm,0
2022-04-29,2022,10-Q,0000320193-22-000059,aapl-20220326.htm,0
2022-04-28,2022,8-K,0000320193-22-000058,aapl-20220428.htm,0
2022-04-19,2022,4,0000320193-22-000053,xslF345X03/wf-form4_165040749395911.xml,0
2022-04-19,2022,4,0000320193-22-000052,xslF345X03/wf-form4_165040742689204.xml,0
2022-04-05,2022,4,0000320193-22-000049,xslF345X03/wf-form4_164919799612317.xml,0
2022-04-05,2022,4,0000320193-22-000048,xslF345X03/wf-form4_164919793500496.xml,0
2022-04-05,2022,4,0000320193-22-000047,xslF345X03/wf-form4_164919788707106.xml,0
2022-04-05,2022,4,0000320193-22-000046,xslF345X03/wf-form4_164919783103450.xml,0
2022-03-08,2022,4,0000320193-22-000041,xslF345X03/wf-form4_164678264350913.xml,0
2022-03-08,2022,4,0000320193-22-000040,xslF345X03/wf-form4_164678259356672.xml,0
2022-03-08,2022,4,0000320193-22-000039,xslF345X03/wf-form4_164678253465583.xml,0
2022-03-08,2022,4,0000320193-22-000038,xslF345X03/wf-form4_164678248157775.xml,0
2022-03-08,2022,4,0000320193-22-000037,xslF345X03/wf-form4_164678242279764.xml,0
2022-03-08,2022,4,0000320193-22-000036,xslF345X03/wf-form4_164678236531567.xml,0
2022-03-08,2022,4,0000320193-22-000035,xslF345X03/wf-form4_164678229722183.xml,0
2022-03-08,2022,4,0000320193-22-000034,xslF345X03/wf-form4_164678223741209.xml,0
2022-03-04,2022,8-K,0001193125-22-066169,d294699d8k.htm,0
2022-02-09,2022,SD,0001193125-22-032738,d288870dsd.htm,0
2022-02-09,2022,SC 13G/A,0001104659-22-016224,tv0011-appleinc.htm,0
2022-02-09,2022,PX14A6G,0001214659-22-002092,f28220px14a6g.htm,0
2022-02-07,2022,4,0000320193-22-000025,xslF345X03/wf-form4_164427662367600.xml,0
2022-02-03,2022,4,0000320193-22-000023,xslF345X03/wf-form4_164393152667942.xml,0
2022-02-03,2022,4,0000320193-22-000022,xslF345X03/wf-form4_164393146754706.xml,0
2022-02-03,2022,4,0000320193-22-000021,xslF345X03/wf-form4_164393139518938.xml,0
2022-02-03,2022,4,0000320193-22-000020,xslF345X03/wf-form4_164393133439643.xml,0
2022-02-03,2022,4,0000320193-22-000019,xslF345X03/wf-form4_164393124898522.xml,0
2022-02-03,2022,4,0000320193-22-000018,xslF345X03/wf-form4_164393117233036.xml,0
2022-02-03,2022,4,0000320193-22-000017,xslF345X03/wf-form4_164393109986560.xml,0
2022-02-03,2022,4,0000320193-22-000016,xslF345X03/wf-form4_164393104282208.xml,0
2022-02-01,2022,PX14A6G,0001214659-22-001589,g131227px14a6g.htm,0
2022-02-01,2022,PX14A6G,0001214659-22-001473,g131228px14a6g.htm,0
2022-02-01,2022,SC 13G/A,0000834237-22-004076,us0378331005_012822.txt,0
2022-01-28,2022,PX14A6G,0001214659-22-001295,e126223px14a6g.htm,0
2022-01-28,2022,10-Q,0000320193-22-000007,aapl-20211225.htm,0
2022-01-27,2022,8-K,0000320193-22-000006,aapl-20220127.htm,0
2022-01-27,2022,PX14A6N,0001377739-22-000005,aapldearshareholder.htm,0
2022-01-06,2022,DEFA14A,0001193125-22-003593,d399129ddefa14a.htm,0
2022-01-06,2022,DEF 14A,0001193125-22-003583,d222670ddef14a.htm,0
2021-11-16,2021,4,0000320193-21-000114,xslF345X03/wf-form4_163710541081314.xml,0
2021-11-12,2021,4,0000320193-21-000112,xslF345X03/wf-form4_163675992058856.xml,0
2021-11-12,2021,3,0000320193-21-000111,xslF345X02/wf-form3_163675983081322.xml,0
2021-11-12,2021,8-K,0001193125-21-328151,d259993d8k.htm,0
2021-11-03,2021,4,0000320193-21-000108,xslF345X03/wf-form4_163597867263388.xml,0
2021-10-29,2021,S-3ASR,0001193125-21-312274,d192862ds3asr.htm,0
2021-10-29,2021,IRANNOTICE,0001193125-21-311635,d246143dirannotice.htm,0
2021-10-29,2021,10-K,0000320193-21-000105,aapl-20210925.htm,1
2021-10-28,2021,8-K,0000320193-21-000104,aapl-20211028.htm,0
2021-10-21,2021,4,0000320193-21-000099,xslF345X03/wf-form4_163485542776887.xml,0
2021-10-19,2021,4,0000320193-21-000097,xslF345X03/wf-form4_163468269006289.xml,0
2021-10-19,2021,4,0000320193-21-000096,xslF345X03/wf-form4_163468261390808.xml,0
2021-10-05,2021,4,0000320193-21-000093,xslF345X03/wf-form4_163347386959085.xml,0
2021-10-05,2021,4,0000320193-21-000092,xslF345X03/wf-form4_163347379860494.xml,0
2021-10-05,2021,4,0000320193-21-000091,xslF345X03/wf-form4_163347373433784.xml,0
2021-10-05,2021,4,0000320193-21-000090,xslF345X03/wf-form4_163347311336788.xml,0
2021-09-28,2021,4,0000320193-21-000085,xslF345X03/wf-form4_163286851816033.xml,0
2021-09-28,2021,4,0000320193-21-000084,xslF345X03/wf-form4_163286847648313.xml,0
2021-09-28,2021,4,0000320193-21-000083,xslF345X03/wf-form4_163286842980488.xml,0
2021-09-28,2021,4,0000320193-21-000082,xslF345X03/wf-form4_163286838690995.xml,0
2021-09-28,2021,4,0000320193-21-000081,xslF345X03/wf-form4_163286834378268.xml,0
2021-09-28,2021,4,0000320193-21-000080,xslF345X03/wf-form4_163286823606839.xml,0
2021-08-26,2021,4,0000320193-21-000073,xslF345X03/wf-form4_163001701613155.xml,0
2021-08-24,2021,4,0000320193-21-000071,xslF345X03/wf-form4_162984422696515.xml,0
2021-08-09,2021,4,0000320193-21-000069,xslF345X03/wf-form4_162854822510730.xml,0
2021-08-05,2021,8-K,0001193125-21-237787,d199884d8k.htm,0
2021-08-04,2021,4,0000320193-21-000067,xslF345X03/wf-form4_162811622543495.xml,0
2021-07-30,2021,424B2,0001193125-21-231584,d175814d424b2.htm,0
2021-07-30,2021,FWP,0001193125-21-229470,d202672dfwp.htm,0
2021-07-29,2021,424B2,0001193125-21-228285,d175814d424b2.htm,0
2021-07-28,2021,IRANNOTICE,0001193125-21-225983,d198818dirannotice.htm,0
2021-07-28,2021,10-Q,0000320193-21-000065,aapl-20210626.htm,0
2021-07-27,2021,8-K,0000320193-21-000063,aapl-20210727.htm,0
2021-05-05,2021,4,0000320193-21-000060,xslF345X03/wf-form4_162025388592461.xml,0
2021-05-05,2021,4,0000320193-21-000059,xslF345X03/wf-form4_162025381465785.xml,0
2021-04-29,2021,10-Q,0000320193-21-000056,aapl-20210327.htm,0
2021-04-28,2021,8-K,0000320193-21-000055,aapl-20210428.htm,0
2021-04-19,2021,4,0000320193-21-000050,xslF345X03/wf-form4_161887148361718.xml,0
2021-04-19,2021,4,0000320193-21-000049,xslF345X03/wf-form4_161887141797206.xml,0
2021-04-05,2021,4,0000320193-21-000046,xslF345X03/wf-form4_161766207883637.xml,0
2021-04-05,2021,4,0000320193-21-000045,xslF345X03/wf-form4_161766194119040.xml,0
2021-04-05,2021,4,0000320193-21-000044,xslF345X03/wf-form4_161766181877540.xml,0
2021-02-25,2021,4,0000320193-21-000040,xslF345X03/wf-form4_161429622893015.xml,0
2021-02-25,2021,4,0000320193-21-000039,xslF345X03/wf-form4_161429614827041.xml,0
2021-02-25,2021,4,0000320193-21-000038,xslF345X03/wf-form4_161429609463628.xml,0
2021-02-25,2021,4,0000320193-21-000037,xslF345X03/wf-form4_161429604194177.xml,0
2021-02-25,2021,4,0000320193-21-000036,xslF345X03/wf-form4_161429598243346.xml,0
2021-02-25,2021,4,0000320193-21-000035,xslF345X03/wf-form4_161429591861303.xml,0
2021-02-25,2021,4,0000320193-21-000034,xslF345X03/wf-form4_161429585074371.xml,0
2021-02-24,2021,8-K,0001193125-21-054710,d101693d8k.htm,0
2021-02-18,2021,PX14A6G,0001214659-21-002046,r217211px14a6g.htm,0
2021-02-16,2021,SC 13G/A,0001193125-21-044816,d107461dsc13ga.htm,0
2021-02-10,2021,SD,0001193125-21-036337,d119389dsd.htm,0
2021-02-10,2021,SC 13G/A,0001104659-21-017199,tv0010-appleinc.htm,0
2021-02-08,2021,8-K,0001193125-21-032394,d70217d8k.htm,0
2021-02-05,2021,SC 13G/A,0000834237-21-007542,us0378331005_020421.txt,0
2021-02-03,2021,4,0000320193-21-000026,xslF345X03/wf-form4_161239555356050.xml,0
2021-02-03,2021,4,0000320193-21-000025,xslF345X03/wf-form4_161239548384646.xml,0
2021-02-03,2021,4,0000320193-21-000024,xslF345X03/wf-form4_161239542324805.xml,0
2021-02-03,2021,4,0000320193-21-000023,xslF345X03/wf-form4_161239535474705.xml,0
2021-02-03,2021,4,0000320193-21-000022,xslF345X03/wf-form4_161239528138893.xml,0
2021-02-03,2021,4,0000320193-21-000021,xslF345X03/wf-form4_161239515778792.xml,0
2021-02-03,2021,4,0000320193-21-000020,xslF345X03/wf-form4_161239509434831.xml,0
2021-02-03,2021,4,0000320193-21-000019,xslF345X03/wf-form4_161239502964926.xml,0
2021-02-02,2021,424B2,0001193125-21-025910,d66851d424b2.htm,0
2021-02-02,2021,FWP,0001193125-21-024892,d70069dfwp.htm,0
2021-02-01,2021,424B2,0001193125-21-023836,d66851d424b2.htm,0
2021-01-28,2021,10-Q,0000320193-21-000010,aapl-20201226.htm,0
2021-01-27,2021,8-K,0000320193-21-000009,aapl-20210127.htm,0
2021-01-05,2021,4,0000320193-21-000004,xslF345X03/wf-form4_160988957683472.xml,0
2021-01-05,2021,3,0000320193-21-000003,xslF345X02/wf-form3_160988944878908.xml,0
2021-01-05,2021,DEFA14A,0001193125-21-001989,d767776ddefa14a.htm,0
2021-01-05,2021,DEF 14A,0001193125-21-001987,d767770ddef14a.htm,0
2021-01-05,2021,8-K,0001193125-21-001982,d29637d8k.htm,0
2020-11-17,2020,4,0000320193-20-000101,xslF345X03/wf-form4_160565582610158.xml,0
2020-11-05,2020,4,0000320193-20-000099,xslF345X03/wf-form4_160461904119340.xml,0
2020-10-30,2020,10-K,0000320193-20-000096,aapl-20200926.htm,1
2020-10-29,2020,8-K,0000320193-20-000094,aapl-20201029.htm,0
2020-10-19,2020,4,0000320193-20-000090,xslF345X03/wf-form4_160314673986899.xml,0
2020-10-19,2020,4,0000320193-20-000089,xslF345X03/wf-form4_160314661733333.xml,0
2020-10-13,2020,4,0000320193-20-000086,xslF345X03/wf-form4_160262821333467.xml,0
2020-10-05,2020,4,0000320193-20-000084,xslF345X03/wf-form4_160193720275669.xml,0
2020-10-05,2020,4,0000320193-20-000083,xslF345X03/wf-form4_160193715587800.xml,0
2020-10-05,2020,4,0000320193-20-000082,xslF345X03/wf-form4_160193701297920.xml,0
2020-09-29,2020,4,0000320193-20-000078,xslF345X03/wf-form4_160141899239637.xml,0
2020-09-29,2020,4,0000320193-20-000077,xslF345X03/wf-form4_160141893471775.xml,0
2020-09-29,2020,4,0000320193-20-000076,xslF345X03/wf-form4_160141889148665.xml,0
2020-09-29,2020,4,0000320193-20-000075,xslF345X03/wf-form4_160141884313005.xml,0
2020-09-29,2020,4,0000320193-20-000074,xslF345X03/wf-form4_160141879027128.xml,0
2020-09-29,2020,4,0000320193-20-000073,xslF345X03/wf-form4_160141863355452.xml,0
2020-08-25,2020,4,0000320193-20-000066,xslF345X03/wf-form4_159839550969947.xml,0
2020-08-24,2020,4,0000320193-20-000064,xslF345X03/wf-form4_159830825188983.xml,0
2020-08-20,2020,8-K,0001193125-20-225672,d937363d8k.htm,0
2020-08-14,2020,424B2,0001193125-20-220410,d23503d424b2.htm,0
2020-08-13,2020,FWP,0001193125-20-219289,d82525dfwp.htm,0
2020-08-13,2020,424B2,0001193125-20-218350,d23503d424b2.htm,0
2020-08-07,2020,8-K,0001193125-20-213158,d49399d8k.htm,0
2020-07-31,2020,10-Q,0000320193-20-000062,aapl-20200627.htm,0
2020-07-30,2020,8-K,0000320193-20-000060,aapl-20200730.htm,0
2020-05-12,2020,4,0000320193-20-000056,xslF345X03/wf-form4_158932261319105.xml,0
2020-05-11,2020,8-K,0001193125-20-139112,d926511d8k.htm,0
2020-05-05,2020,424B2,0001193125-20-133777,d926392d424b2.htm,0
2020-05-05,2020,FWP,0001193125-20-132661,d926508dfwp.htm,0
2020-05-04,2020,424B2,0001193125-20-131780,d926392d424b2.htm,0
2020-05-01,2020,10-Q,0000320193-20-000052,a10-qq220203282020.htm,0
2020-04-30,2020,4,0000320193-20-000054,xslF345X03/wf-form4_158829658358801.xml,0
2020-04-30,2020,8-K,0000320193-20-000050,a8-kq220203282020.htm,0
2020-04-17,2020,4,0000320193-20-000045,xslF345X03/wf-form4_158716268511263.xml,0
2020-04-17,2020,4,0000320193-20-000044,xslF345X03/wf-form4_158716262832690.xml,0
2020-04-09,2020,4,0000320193-20-000041,xslF345X03/wf-form4_158647142758084.xml,0
2020-04-03,2020,4,0000320193-20-000039,xslF345X03/wf-form4_158595308536827.xml,0
2020-04-03,2020,4,0000320193-20-000038,xslF345X03/wf-form4_158595302992961.xml,0
2020-02-28,2020,4,0000320193-20-000035,xslF345X03/wf-form4_158293300685250.xml,0
2020-02-28,2020,4,0000320193-20-000034,xslF345X03/wf-form4_158293293482087.xml,0
2020-02-28,2020,4,0000320193-20-000033,xslF345X03/wf-form4_158293286599770.xml,0
2020-02-28,2020,4,0000320193-20-000032,xslF345X03/wf-form4_158293278709070.xml,0
2020-02-28,2020,4,0000320193-20-000031,xslF345X03/wf-form4_158293272634137.xml,0
2020-02-28,2020,4,0000320193-20-000030,xslF345X03/wf-form4_158293266204383.xml,0
2020-02-27,2020,8-K,0001193125-20-050884,d865740d8k.htm,0
2020-02-18,2020,8-K,0001193125-20-039203,d845033d8k.htm,0
2020-02-14,2020,SC 13G/A,0001193125-20-038381,d852265dsc13ga.htm,0
2020-02-12,2020,SC 13G/A,0001104659-20-018528,tv01779-appleinc.htm,0
2020-02-10,2020,SC 13G/A,0000834237-20-008795,us0378331005_020720.txt,0
2020-02-06,2020,SD,0001193125-20-026822,d877299dsd.htm,0
2020-02-04,2020,4,0000320193-20-000023,xslF345X03/wf-form4_158085938309797.xml,0
2020-02-04,2020,4,0000320193-20-000022,xslF345X03/wf-form4_158085933339951.xml,0
2020-02-04,2020,4,0000320193-20-000021,xslF345X03/wf-form4_158085927075591.xml,0
2020-02-04,2020,4,0000320193-20-000020,xslF345X03/wf-form4_158085920919420.xml,0
2020-02-04,2020,4,0000320193-20-000019,xslF345X03/wf-form4_158085915125497.xml,0
2020-02-04,2020,4,0000320193-20-000018,xslF345X03/wf-form4_158085910047342.xml,0
2020-01-29,2020,4,0000320193-20-000011,xslF345X03/wf-form4_158034061831540.xml,0
2020-01-29,2020,10-Q,0000320193-20-000010,a10-qq1202012282019.htm,0
2020-01-28,2020,8-K,0000320193-20-000008,a8-kq1202012282019.htm,0
2020-01-27,2020,PX14A6G,0001214659-20-000610,j127200px14a6g.htm,0
2020-01-22,2020,PX14A6G,0001387131-20-000386,aapl-px14a6g_022620.htm,0
2020-01-03,2020,DEFA14A,0001193125-20-001452,d799146ddefa14a.htm,0
2020-01-03,2020,DEF 14A,0001193125-20-001450,d799303ddef14a.htm,0
2020-01-02,2020,4,0000320193-20-000002,xslF345X03/wf-form4_157800786035380.xml,0
2019-11-15,2019,CERT,0001354457-19-000604,8A_Cert_AAPL.pdf,0
2019-11-15,2019,8-A12B,0001193125-19-292825,d827578d8a12b.htm,0
2019-11-15,2019,8-K,0001193125-19-292676,d828969d8k.htm,0
2019-11-14,2019,4,0000320193-19-000123,xslF345X03/wf-form4_157377424820890.xml,0
2019-11-08,2019,424B2,0001193125-19-288412,d804226d424b2.htm,0
2019-11-07,2019,4,0000320193-19-000121,xslF345X03/wf-form4_157316940649990.xml,0
2019-11-07,2019,FWP,0001193125-19-287351,d826022dfwp.htm,0
2019-11-07,2019,424B2,0001193125-19-286514,d804226d424b2.htm,0
2019-10-31,2019,S-8 POS,0001193125-19-280516,d800564ds8pos.htm,0
2019-10-31,2019,10-K,0000320193-19-000119,a10-k20199282019.htm,1
2019-10-30,2019,8-K,0000320193-19-000117,a8-kq420199282019.htm,0
2019-10-17,2019,4,0000320193-19-000113,xslF345X03/wf-form4_157135154697018.xml,0
2019-10-17,2019,4,0000320193-19-000112,xslF345X03/wf-form4_157135144806488.xml,0
2019-10-09,2019,4,0000320193-19-000109,xslF345X03/wf-form4_157066032478147.xml,0
2019-10-03,2019,4,0000320193-19-000107,xslF345X03/wf-form4_157014197957378.xml,0
2019-10-03,2019,4,0000320193-19-000106,xslF345X03/wf-form4_157014186524822.xml,0
2019-10-01,2019,4,0000320193-19-000103,xslF345X03/wf-form4_156996927774723.xml,0
2019-10-01,2019,4,0000320193-19-000102,xslF345X03/wf-form4_156996921603511.xml,0
2019-10-01,2019,4,0000320193-19-000101,xslF345X03/wf-form4_156996915065922.xml,0
2019-10-01,2019,4,0000320193-19-000100,xslF345X03/wf-form4_156996908478756.xml,0
2019-10-01,2019,4,0000320193-19-000099,xslF345X03/wf-form4_156996902282904.xml,0
2019-09-13,2019,8-K,0000320193-19-000093,a8-kseptember201991019.htm,0
2019-09-11,2019,8-K,0001193125-19-242975,d777124d8k.htm,0
2019-09-05,2019,424B2,0001193125-19-238922,d751814d424b2.htm,0
2019-09-05,2019,FWP,0001193125-19-237993,d777130dfwp.htm,0
2019-09-04,2019,424B2,0001193125-19-237090,d751814d424b2.htm,0
2019-08-27,2019,4,0000320193-19-000090,xslF345X03/wf-form4_156694501621463.xml,0
2019-08-26,2019,4,0000320193-19-000088,xslF345X03/wf-form4_156685147551694.xml,0
2019-08-14,2019,4,0000320193-19-000086,xslF345X03/wf-form4_156582182214854.xml,0
2019-08-05,2019,4,0000320193-19-000082,xslF345X03/wf-form4_156504439014885.xml,0
2019-08-05,2019,4,0000320193-19-000081,xslF345X03/wf-form4_156504433855286.xml,0
2019-08-05,2019,4,0000320193-19-000080,xslF345X03/wf-form4_156504427145036.xml,0
2019-07-31,2019,10-Q,0000320193-19-000076,a10-qq320196292019.htm,0
2019-07-30,2019,8-K,0000320193-19-000073,a8-kq320196292019.htm,0
2019-05-07,2019,4,0000320193-19-000070,xslF345X03/wf-form4_155726823464315.xml,0
2019-05-06,2019,4,0000320193-19-000069,xslF345X03/wf-form4_155718184308434.xml,0
2019-05-01,2019,10-Q,0000320193-19-000066,a10-qq220193302019.htm,0
2019-04-30,2019,8-K,0000320193-19-000063,a8-kq220193302019.htm,0
2019-04-17,2019,4,0000320193-19-000060,xslF345X03/wf-form4_155554044049297.xml,0
2019-04-17,2019,4,0000320193-19-000059,xslF345X03/wf-form4_155554036612827.xml,0
2019-04-17,2019,3/A,0000320193-19-000058,xslF345X02/wf-form3a_155554028715520.xml,0
2019-04-09,2019,4,0000320193-19-000054,xslF345X03/wf-form4_155484903395532.xml,0
2019-04-03,2019,4,0000320193-19-000052,xslF345X03/wf-form4_155433069460529.xml,0
2019-04-03,2019,4,0000320193-19-000051,xslF345X03/wf-form4_155433063141322.xml,0
2019-03-14,2019,CERT,0001354457-19-000130,AAPL_Cert.pdf,0
2019-03-14,2019,25,0001193125-19-074874,d719398d25.htm,0
2019-03-14,2019,8-A12B,0001193125-19-074868,d720211d8a12b.htm,0
2019-03-05,2019,4,0000320193-19-000046,xslF345X03/wf-form4_155182895326790.xml,0
2019-03-05,2019,4,0000320193-19-000045,xslF345X03/wf-form4_155182889283168.xml,0
2019-03-05,2019,4,0000320193-19-000044,xslF345X03/wf-form4_155182883124053.xml,0
2019-03-05,2019,4,0000320193-19-000043,xslF345X03/wf-form4_155182876082716.xml,0
2019-03-05,2019,4,0000320193-19-000042,xslF345X03/wf-form4_155182869211407.xml,0
2019-03-05,2019,4,0000320193-19-000041,xslF345X03/wf-form4_155182861814144.xml,0
2019-03-05,2019,4,0000320193-19-000040,xslF345X03/wf-form4_155182854534604.xml,0
2019-03-04,2019,8-K,0000320193-19-000032,copyofreference8-kform8xkq.htm,0
2019-02-15,2019,SD,0001193125-19-041571,d694085dsd.htm,0
2019-02-14,2019,SC 13G,0001193125-19-041014,d667611dsc13g.htm,0
2019-02-11,2019,SC 13G/A,0000932471-19-004418,appleinc.htm,0
2019-02-07,2019,4,0000320193-19-000030,xslF345X03/wf-form4_154958296589351.xml,0
2019-02-07,2019,3,0000320193-19-000029,xslF345X02/wf-form3_154958223758270.xml,0
2019-02-06,2019,8-K,0000320193-19-000026,a8-kfebruary2019252019.htm,0
2019-02-05,2019,4,0000320193-19-000024,xslF345X03/wf-form4_154941004809567.xml,0
2019-02-05,2019,4,0000320193-19-000023,xslF345X03/wf-form4_154940998460508.xml,0
2019-02-05,2019,4,0000320193-19-000022,xslF345X03/wf-form4_154940992221908.xml,0
2019-02-05,2019,4,0000320193-19-000021,xslF345X03/wf-form4_154940984777970.xml,0
2019-02-05,2019,4,0000320193-19-000020,xslF345X03/wf-form4_154940978487594.xml,0
2019-02-05,2019,4,0000320193-19-000019,xslF345X03/wf-form4_154940971963917.xml,0
2019-02-05,2019,4,0000320193-19-000018,xslF345X03/wf-form4_154940965388838.xml,0
2019-02-05,2019,PX14A6G,0001214659-19-000797,j24190px14a6g.htm,0
2019-02-04,2019,SC 13G/A,0000215457-19-003343,us0378331005_020419.txt,0
2019-01-30,2019,10-Q,0000320193-19-000010,a10-qq1201912292018.htm,0
2019-01-29,2019,8-K,0000320193-19-000007,a8-kq1201912292018.htm,0
2019-01-28,2019,4,0000320193-19-000004,xslF345X03/wf-form4_154871824787707.xml,0
2019-01-08,2019,DEFA14A,0001193125-19-004678,d668059ddefa14a.htm,0
2019-01-08,2019,DEF 14A,0001193125-19-004664,d667873ddef14a.htm,0
2019-01-02,2019,8-K,0000320193-19-000002,a8-kjanuary2019122019.htm,0
2018-11-21,2018,4,0000320193-18-000149,xslF345X03/wf-form4_154284308216532.xml,0
2018-11-15,2018,4,0000320193-18-000147,xslF345X03/wf-form4_154232465480280.xml,0
2018-11-05,2018,S-3ASR,0001193125-18-317844,d644900ds3asr.htm,0
2018-11-05,2018,10-K,0000320193-18-000145,a10-k20189292018.htm,1
2018-11-01,2018,8-K,0000320193-18-000142,a8-kq420189292018.htm,0
2018-10-17,2018,4,0000320193-18-000139,xslF345X03/wf-form4_153981541459967.xml,0
2018-10-05,2018,4,0000320193-18-000137,xslF345X03/wf-form4_153877878310747.xml,0
2018-10-05,2018,4,0000320193-18-000136,xslF345X03/wf-form4_153877872133212.xml,0
2018-10-05,2018,4,0000320193-18-000135,xslF345X03/wf-form4_153877866095942.xml,0
2018-10-03,2018,4,0000320193-18-000131,xslF345X03/wf-form4_153860603163051.xml,0
2018-10-03,2018,4,0000320193-18-000130,xslF345X03/wf-form4_153860597104703.xml,0
2018-10-03,2018,4,0000320193-18-000129,xslF345X03/wf-form4_153860589217680.xml,0
2018-10-02,2018,4,0000320193-18-000125,xslF345X03/wf-form4_153851977931242.xml,0
2018-10-02,2018,4,0000320193-18-000124,xslF345X03/wf-form4_153851972725526.xml,0
2018-10-02,2018,4,0000320193-18-000123,xslF345X03/wf-form4_153851966439459.xml,0
2018-10-02,2018,4,0000320193-18-000122,xslF345X03/wf-form4_153851960893694.xml,0
2018-10-02,2018,4,0000320193-18-000121,xslF345X03/wf-form4_153851955377044.xml,0
2018-08-28,2018,4,0000320193-18-000115,xslF345X03/wf-form4_153549547286956.xml,0
2018-08-23,2018,S-8,0001193125-18-256354,d609898ds8.htm,0
2018-08-21,2018,4,0000320193-18-000113,xslF345X03/wf-form4_153489248141557.xml,0
2018-08-21,2018,4,0000320193-18-000112,xslF345X03/wf-form4_153489235873857.xml,0
2018-08-17,2018,4,0000320193-18-000109,xslF345X03/wf-form4_153454502801733.xml,0
2018-08-10,2018,4,0000320193-18-000107,xslF345X03/wf-form4_153394039211365.xml,0
2018-08-10,2018,4,0000320193-18-000106,xslF345X03/wf-form4_153394028523209.xml,0
2018-08-06,2018,4,0000320193-18-000103,xslF345X03/wf-form4_153359461891019.xml,0
2018-08-01,2018,10-Q,0000320193-18-000100,a10-qq320186302018.htm,0
2018-07-31,2018,8-K,0000320193-18-000098,a8-kq320186302018.htm,0
2018-07-11,2018,4,0000320193-18-000095,xslF345X03/wf-form4_153134826427557.xml,0
2018-06-18,2018,4,0000320193-18-000092,xslF345X03/wf-form4_152936101490685.xml,0
2018-06-12,2018,4,0000320193-18-000090,xslF345X03/wf-form4_152884262050898.xml,0
2018-06-04,2018,4,0000320193-18-000088,xslF345X03/wf-form4_152815141411532.xml,0
2018-05-31,2018,4,0000320193-18-000086,xslF345X03/wf-form4_152780585957689.xml,0
2018-05-25,2018,4,0000320193-18-000084,xslF345X03/wf-form4_152728745985789.xml,0
2018-05-21,2018,4,0000320193-18-000082,xslF345X03/wf-form4_152694183324049.xml,0
2018-05-18,2018,4,0000320193-18-000080,xslF345X03/wf-form4_152668264478876.xml,0
2018-05-15,2018,4,0000320193-18-000078,xslF345X03/wf-form4_152642343017017.xml,0
2018-05-11,2018,4,0000320193-18-000076,xslF345X03/wf-form4_152607794990188.xml,0
2018-05-10,2018,4,0000320193-18-000074,xslF345X03/wf-form4_152599148061399.xml,0
2018-05-08,2018,8-K/A,0001193125-18-154948,d563832d8ka.htm,0
2018-05-07,2018,4,0000320193-18-000072,xslF345X03/wf-form4_152573222606599.xml,0
2018-05-07,2018,8-K,0001193125-18-154515,d563832d8k.htm,0
2018-05-02,2018,10-Q,0000320193-18-000070,a10-qq220183312018.htm,0
2018-05-01,2018,8-K,0000320193-18-000067,a8-kq220183312018.htm,0
2018-04-17,2018,4,0000320193-18-000064,xslF345X03/wf-form4_152400428847158.xml,0
2018-04-17,2018,4,0000320193-18-000063,xslF345X03/wf-form4_152400423176100.xml,0
2018-04-16,2018,4,0000320193-18-000060,xslF345X03/wf-form4_152391784210514.xml,0
2018-04-06,2018,4,0000320193-18-000058,xslF345X03/wf-form4_152305384529017.xml,0
2018-04-05,2018,4,0000320193-18-000057,xslF345X03/wf-form4_152296745064089.xml,0
2018-04-03,2018,4,0000320193-18-000054,xslF345X03/wf-form4_152279495069184.xml,0
2018-04-03,2018,4,0000320193-18-000053,xslF345X03/wf-form4_152279488511967.xml,0
2018-04-03,2018,4,0000320193-18-000052,xslF345X03/wf-form4_152279483540589.xml,0
2018-04-03,2018,4,0000320193-18-000051,xslF345X03/wf-form4_152279479066592.xml,0
2018-04-03,2018,4,0000320193-18-000050,xslF345X03/wf-form4_152279471770222.xml,0
2018-04-03,2018,4,0000320193-18-000049,xslF345X03/wf-form4_152279465769401.xml,0
2018-04-03,2018,4,0000320193-18-000048,xslF345X03/wf-form4_152279460818145.xml,0
2018-03-07,2018,SD,0001193125-18-073716,d538673dsd.htm,0
2018-02-20,2018,4,0000320193-18-000040,xslF345X03/wf-form4_151916941098122.xml,0
2018-02-15,2018,4,0000320193-18-000037,xslF345X03/wf-form4_151873776941650.xml,0
2018-02-15,2018,4,0000320193-18-000036,xslF345X03/wf-form4_151873771953304.xml,0
2018-02-15,2018,4,0000320193-18-000035,xslF345X03/wf-form4_151873766872367.xml,0
2018-02-15,2018,4,0000320193-18-000034,xslF345X03/wf-form4_151873761103884.xml,0
2018-02-15,2018,4,0000320193-18-000033,xslF345X03/wf-form4_151873755044531.xml,0
2018-02-15,2018,4,0000320193-18-000032,xslF345X03/wf-form4_151873748320537.xml,0
2018-02-15,2018,4,0000320193-18-000031,xslF345X03/wf-form4_151873742057861.xml,0
2018-02-14,2018,8-K,0001193125-18-045761,d374908d8k.htm,0
2018-02-12,2018,SC 13G/A,0000932471-18-004625,appleinc.htm,0
2018-02-08,2018,4,0000320193-18-000023,xslF345X03/wf-form4_151813262859954.xml,0
2018-02-05,2018,4,0000320193-18-000021,xslF345X03/wf-form4_151787379347066.xml,0
2018-02-05,2018,4,0000320193-18-000020,xslF345X03/wf-form4_151787375000361.xml,0
2018-02-05,2018,4,0000320193-18-000019,xslF345X03/wf-form4_151787368848629.xml,0
2018-02-05,2018,4,0000320193-18-000018,xslF345X03/wf-form4_151787363289356.xml,0
2018-02-05,2018,4,0000320193-18-000017,xslF345X03/wf-form4_151787355536092.xml,0
2018-02-05,2018,4,0000320193-18-000016,xslF345X03/wf-form4_151787350514336.xml,0
2018-02-05,2018,4,0000320193-18-000015,xslF345X03/wf-form4_151787343921146.xml,0
2018-02-02,2018,10-Q,0000320193-18-000007,a10-qq1201812302017.htm,0
2018-02-01,2018,8-K,0000320193-18-000005,a8-kq1201812302017.htm,0
2018-01-29,2018,SC 13G/A,0000215457-18-003762,us0378331005_012918.txt,0
2018-01-09,2018,4,0000320193-18-000002,xslF345X03/wf-form4_151554062441822.xml,0
2017-12-27,2017,DEFA14A,0001193125-17-380132,d396272ddefa14a.htm,0
2017-12-27,2017,DEF 14A,0001193125-17-380130,d400278ddef14a.htm,0
2017-12-11,2017,4,0000320193-17-000087,xslF345X03/wf-form4_151303504615549.xml,0
2017-12-04,2017,4,0000320193-17-000085,xslF345X03/wf-form4_151243036024161.xml,0
2017-11-27,2017,4,0000320193-17-000083,xslF345X03/wf-form4_151182543114594.xml,0
2017-11-16,2017,4,0000320193-17-000081,xslF345X03/wf-form4_151087508159949.xml,0
2017-11-15,2017,4,0000320193-17-000079,xslF345X03/wf-form4_151078880413808.xml,0
2017-11-15,2017,4,0000320193-17-000078,xslF345X03/wf-form4_151078874247280.xml,0
2017-11-15,2017,3,0000320193-17-000077,xslF345X02/wf-form3_151078866524134.xml,0
2017-11-13,2017,8-K,0001193125-17-341015,d478060d8k.htm,0
2017-11-07,2017,424B2,0001193125-17-335805,d475365d424b2.htm,0
2017-11-07,2017,FWP,0001193125-17-334724,d480547dfwp.htm,0
2017-11-06,2017,424B2,0001193125-17-333582,d475365d424b2.htm,0
2017-11-03,2017,10-K,0000320193-17-000070,a10-k20179302017.htm,1
2017-11-02,2017,8-K,0000320193-17-000067,a8-kq420179302017.htm,0
2017-10-17,2017,4,0000320193-17-000063,xslF345X03/wf-form4_150828044948163.xml,0
2017-10-17,2017,4,0000320193-17-000062,xslF345X03/wf-form4_150828038824181.xml,0
2017-10-17,2017,4,0000320193-17-000061,xslF345X03/wf-form4_150828027600542.xml,0
2017-10-17,2017,4,0000320193-17-000060,xslF345X03/wf-form4_150828022415662.xml,0
2017-10-17,2017,4,0000320193-17-000059,xslF345X03/wf-form4_150828017246106.xml,0
2017-10-17,2017,4,0000320193-17-000058,xslF345X03/wf-form4_150828010037766.xml,0
2017-10-17,2017,4,0000320193-17-000057,xslF345X03/wf-form4_150828003638615.xml,0
2017-10-17,2017,4,0000320193-17-000056,xslF345X03/wf-form4_150827998628260.xml,0
2017-10-17,2017,4,0000320193-17-000055,xslF345X03/wf-form4_150827993959614.xml,0
2017-10-12,2017,8-K,0001193125-17-308859,d386231d8k.htm,0
2017-10-10,2017,4,0000320193-17-000045,xslF345X03/wf-form4_150767467144201.xml,0
2017-10-05,2017,4,0000320193-17-000043,xslF345X03/wf-form4_150724283880617.xml,0
2017-10-05,2017,4,0000320193-17-000042,xslF345X03/wf-form4_150724278525543.xml,0
2017-10-03,2017,4,0000320193-17-000039,xslF345X03/wf-form4_150707026587310.xml,0
2017-10-03,2017,4,0000320193-17-000038,xslF345X03/wf-form4_150707022096581.xml,0
2017-10-03,2017,4,0000320193-17-000037,xslF345X03/wf-form4_150707017081508.xml,0
2017-10-03,2017,4,0000320193-17-000036,xslF345X03/wf-form4_150707011795652.xml,0
2017-10-03,2017,4,0000320193-17-000035,xslF345X03/wf-form4_150707006333873.xml,0
2017-10-03,2017,4,0000320193-17-000034,xslF345X03/wf-form4_150707000038940.xml,0
2017-10-03,2017,4,0000320193-17-000033,xslF345X03/wf-form4_150706994103772.xml,0
2017-10-03,2017,4,0000320193-17-000032,xslF345X03/wf-form4_150706989617764.xml,0
2017-09-12,2017,8-K,0001193125-17-282809,d434478d8k.htm,0
2017-09-06,2017,424B2,0001193125-17-277897,d453793d424b2.htm,0
2017-09-06,2017,FWP,0001193125-17-276961,d451794dfwp.htm,0
2017-09-05,2017,424B2,0001193125-17-276117,d453793d424b2.htm,0
2017-08-30,2017,4,0000320193-17-000023,xslF345X03/wf-form4_150413222111835.xml,0
2017-08-28,2017,4,0000320193-17-000021,xslF345X03/wf-form4_150396481887759.xml,0
2017-08-18,2017,4,0000320193-17-000018,xslF345X03/wf-form4_150309542055431.xml,0
2017-08-18,2017,8-K,0001193125-17-262261,d593893d8k.htm,0
2017-08-17,2017,4,0000320193-17-000017,xslF345X03/wf-form4_150300904326605.xml,0
2017-08-16,2017,424B2,0001193125-17-258933,d433785d424b2.htm,0
2017-08-15,2017,FWP,0001193125-17-258729,d612765dfwp.htm,0
2017-08-15,2017,424B2,0001193125-17-258040,d433785d424b2.htm,0
2017-08-09,2017,4,0000320193-17-000015,xslF345X03/wf-form4_150231792959896.xml,0
2017-08-09,2017,4,0000320193-17-000014,xslF345X03/wf-form4_150231787803625.xml,0
2017-08-09,2017,4,0000320193-17-000013,xslF345X03/wf-form4_150231783126553.xml,0
2017-08-02,2017,10-Q,0000320193-17-000009,a10-qq32017712017.htm,0
2017-08-01,2017,8-K,0000320193-17-000006,a8-kq32017712017.htm,0
2017-07-10,2017,4,0000320193-17-000003,xslF345X03/wf-form4_149972580917613.xml,0
2017-06-20,2017,8-K,0001193125-17-208226,d413980d8k.htm,0
2017-06-16,2017,4,0001628280-17-006558,xslF345X03/wf-form4_149765220991664.xml,0
2017-06-14,2017,424B2,0001193125-17-203548,d412075d424b2.htm,0
2017-06-14,2017,FWP,0001193125-17-202772,d413957dfwp.htm,0
2017-06-13,2017,424B2,0001193125-17-201958,d412075d424b2.htm,0
2017-06-09,2017,4,0001628280-17-006357,xslF345X03/wf-form4_149704742969407.xml,0
2017-06-06,2017,4,0001628280-17-006261,xslF345X03/wf-form4_149678821830800.xml,0
2017-05-31,2017,4,0001628280-17-006119,xslF345X03/wf-form4_149626981246801.xml,0
2017-05-30,2017,4,0001628280-17-006040,xslF345X03/wf-form4_149618343527214.xml,0
2017-05-25,2017,4,0001628280-17-005932,xslF345X03/wf-form4_149575149925731.xml,0
2017-05-25,2017,CERTNYS,9999999997-17-006550,9999999997-17-006550.paper,0
2017-05-24,2017,4,0001628280-17-005877,xslF345X03/wf-form4_149566510341688.xml,0
2017-05-24,2017,4,0001628280-17-005876,xslF345X03/wf-form4_149566503082937.xml,0
2017-05-24,2017,8-A12B,0001193125-17-181871,d375104d8a12b.htm,0
2017-05-24,2017,8-K,0001193125-17-181867,d583637d8k.htm,0
2017-05-18,2017,4,0001628280-17-005698,xslF345X03/wf-form4_149514661622011.xml,0
2017-05-18,2017,424B2,0001193125-17-175330,d394059d424b2.htm,0
2017-05-17,2017,FWP,0001193125-17-173678,d400069dfwp.htm,0
2017-05-17,2017,424B2,0001193125-17-172693,d394059d424b2.htm,0
2017-05-11,2017,4,0001628280-17-005434,xslF345X03/wf-form4_149454187969662.xml,0
2017-05-11,2017,4,0001628280-17-005433,xslF345X03/wf-form4_149454181720231.xml,0
2017-05-11,2017,8-K,0001193125-17-167400,d388721d8k.htm,0
2017-05-08,2017,4,0001628280-17-005184,xslF345X03/wf-form4_149428284856190.xml,0
2017-05-08,2017,4,0001628280-17-005183,xslF345X03/wf-form4_149428279147354.xml,0
2017-05-05,2017,424B2,0001193125-17-160948,d352568d424b2.htm,0
2017-05-05,2017,SD,0001193125-17-159397,d383904dsd.htm,0
2017-05-05,2017,FWP,0001193125-17-159324,d392409dfwp.htm,0
2017-05-04,2017,424B2,0001193125-17-157385,d352568d424b2.htm,0
2017-05-03,2017,4,0001628280-17-004826,xslF345X03/wf-form4_149385061401123.xml,0
2017-05-03,2017,10-Q,0001628280-17-004790,a10-qq22017412017.htm,0
2017-05-02,2017,8-K,0001628280-17-004663,a8-kq22017412017.htm,0
2017-04-21,2017,4,0001628280-17-004167,xslF345X03/wf-form4_149281382808641.xml,0
2017-04-18,2017,4,0001628280-17-003836,xslF345X03/wf-form4_149255474371079.xml,0
2017-04-18,2017,4,0001628280-17-003835,xslF345X03/wf-form4_149255469662391.xml,0
2017-04-18,2017,4,0001628280-17-003834,xslF345X03/wf-form4_149255466078682.xml,0
2017-04-07,2017,4,0001628280-17-003444,xslF345X03/wf-form4_149160425159023.xml,0
2017-04-07,2017,4,0001628280-17-003442,xslF345X03/wf-form4_149160418901921.xml,0
2017-04-04,2017,4,0001628280-17-003348,xslF345X03/wf-form4_149134536071696.xml,0
2017-04-04,2017,4,0001628280-17-003347,xslF345X03/wf-form4_149134530319074.xml,0
2017-04-04,2017,4,0001628280-17-003346,xslF345X03/wf-form4_149134525842641.xml,0
2017-04-04,2017,4,0001628280-17-003345,xslF345X03/wf-form4_149134521223893.xml,0
2017-04-04,2017,4,0001628280-17-003344,xslF345X03/wf-form4_149134516911399.xml,0
2017-04-04,2017,4,0001628280-17-003343,xslF345X03/wf-form4_149134512828053.xml,0
2017-04-04,2017,4,0001628280-17-003342,xslF345X03/wf-form4_149134507719548.xml,0
2017-04-04,2017,4,0001628280-17-003341,xslF345X03/wf-form4_149134503634309.xml,0
2017-03-17,2017,4,0001628280-17-002692,xslF345X03/wf-form4_148978992085921.xml,0
2017-03-07,2017,4,0001628280-17-002321,xslF345X03/wf-form4_148892944611903.xml,0
2017-03-03,2017,8-K,0001193125-17-069853,d348450d8k.htm,0
2017-03-02,2017,4,0001628280-17-002133,xslF345X03/wf-form4_148849782926375.xml,0
2017-03-02,2017,4,0001628280-17-002132,xslF345X03/wf-form4_148849778342702.xml,0
2017-03-02,2017,4,0001628280-17-002131,xslF345X03/wf-form4_148849773387621.xml,0
2017-03-02,2017,4,0001628280-17-002130,xslF345X03/wf-form4_148849768695204.xml,0
2017-03-02,2017,4,0001628280-17-002129,xslF345X03/wf-form4_148849763661980.xml,0
2017-03-02,2017,4,0001628280-17-002128,xslF345X03/wf-form4_148849757720861.xml,0
2017-03-02,2017,4,0001628280-17-002127,xslF345X03/wf-form4_148849751248265.xml,0
2017-03-01,2017,8-K,0001193125-17-064019,d342218d8k.htm,0
2017-02-24,2017,4,0001628280-17-001737,xslF345X03/wf-form4_148797902641007.xml,0
2017-02-22,2017,4,0001628280-17-001593,xslF345X03/wf-form4_148780632402345.xml,0
2017-02-17,2017,4,0001628280-17-001484,xslF345X03/wf-form4_148737426278716.xml,0
2017-02-17,2017,4,0001628280-17-001483,xslF345X03/wf-form4_148737420989249.xml,0
2017-02-15,2017,424B2,0001193125-17-044564,d338508d424b2.htm,0
2017-02-14,2017,FWP,0001193125-17-042083,d296425dfwp.htm,0
2017-02-14,2017,424B2,0001193125-17-041233,d338508d424b2.htm,0
2017-02-09,2017,8-K,0001193125-17-036283,d340350d8k.htm,0
2017-02-09,2017,SC 13G/A,0000932471-17-000777,appleinc.htm,0
2017-02-07,2017,4,0001628280-17-000963,xslF345X03/wf-form4_148651023069911.xml,0
2017-02-03,2017,4,0001628280-17-000897,xslF345X03/wf-form4_148616505664998.xml,0
2017-02-03,2017,4,0001628280-17-000896,xslF345X03/wf-form4_148616501402002.xml,0
2017-02-03,2017,4,0001628280-17-000895,xslF345X03/wf-form4_148616497785486.xml,0
2017-02-03,2017,4,0001628280-17-000894,xslF345X03/wf-form4_148616494297095.xml,0
2017-02-03,2017,4,0001628280-17-000893,xslF345X03/wf-form4_148616490596418.xml,0
2017-02-03,2017,4,0001628280-17-000892,xslF345X03/wf-form4_148616484604533.xml,0
2017-02-03,2017,4,0001628280-17-000891,xslF345X03/wf-form4_148616480910570.xml,0
2017-02-03,2017,4,0001628280-17-000890,xslF345X03/wf-form4_148616477031538.xml,0
2017-02-03,2017,4,0001628280-17-000889,xslF345X03/wf-form4_148616472318268.xml,0
2017-02-03,2017,4,0001628280-17-000888,xslF345X03/wf-form4_148616468196194.xml,0
2017-02-03,2017,424B2,0001193125-17-030832,d293866d424b2.htm,0
2017-02-03,2017,FWP,0001193125-17-029548,d264957dfwp.htm,0
2017-02-02,2017,424B2,0001193125-17-028315,d293866d424b2.htm,0
2017-02-01,2017,4,0001628280-17-000744,xslF345X03/wf-form4_148599186687884.xml,0
2017-02-01,2017,10-Q,0001628280-17-000717,a10-qq1201712312016.htm,0
2017-01-31,2017,8-K,0001628280-17-000663,a8-kq1201712312016.htm,0
2017-01-31,2017,PX14A6G,0001214659-17-000547,l130173px14a6g.htm,0
2017-01-27,2017,4,0001628280-17-000550,xslF345X03/wf-form4_148555984128421.xml,0
2017-01-24,2017,4,0001628280-17-000379,xslF345X03/wf-form4_148530062501951.xml,0
2017-01-19,2017,4,0001628280-17-000312,xslF345X03/wf-form4_148486878103532.xml,0
2017-01-19,2017,4,0001628280-17-000311,xslF345X03/wf-form4_148486868606685.xml,0
2017-01-19,2017,SC 13G/A,0000215457-17-001275,apple.inc.txt,0
2017-01-10,2017,4,0001628280-17-000187,xslF345X03/wf-form4_148409101957980.xml,0
2017-01-06,2017,DEFA14A,0001193125-17-003764,d307349ddefa14a.htm,0
2017-01-06,2017,DEF 14A,0001193125-17-003753,d257185ddef14a.htm,0
2016-12-29,2016,4,0001628280-16-022242,xslF345X03/wf-form4_148305419385609.xml,0
2016-12-19,2016,4,0001628280-16-022104,xslF345X03/wf-form4_148219024507558.xml,0
2016-12-15,2016,8-K,0001628280-16-022047,form8-k121316.htm,0
2016-12-13,2016,4,0001628280-16-022020,xslF345X03/wf-form4_148167182511916.xml,0
2016-12-05,2016,NO ACT,9999999997-17-000002,9999999997-17-000002.paper,0
2016-11-22,2016,4,0001628280-16-021649,xslF345X03/wf-form4_147985741566624.xml,0
2016-11-09,2016,4,0001628280-16-021144,xslF345X03/wf-form4_147873426182746.xml,0
2016-11-04,2016,4,0001628280-16-020880,xslF345X03/wf-form4_147829870020970.xml,0
2016-11-04,2016,4,0001628280-16-020879,xslF345X03/wf-form4_147829865841782.xml,0
2016-10-31,2016,4,0001628280-16-020489,xslF345X03/wf-form4_147795306588441.xml,0
2016-10-31,2016,4,0001628280-16-020488,xslF345X03/wf-form4_147795302659560.xml,0
2016-10-27,2016,NO ACT,9999999997-17-000809,9999999997-17-000809.paper,0
2016-10-26,2016,NO ACT,9999999997-16-026607,9999999997-16-026607.paper,0
2016-10-26,2016,10-K,0001628280-16-020309,a201610-k9242016.htm,1
2016-10-25,2016,8-K,0001628280-16-020258,a8-kq420169242016.htm,0
2016-10-18,2016,4,0001628280-16-020124,xslF345X03/wf-form4_147683569837612.xml,0
2016-10-18,2016,4,0001628280-16-020123,xslF345X03/wf-form4_147683564629277.xml,0
2016-10-18,2016,4,0001628280-16-020122,xslF345X03/wf-form4_147683560738887.xml,0
2016-10-18,2016,4,0001628280-16-020121,xslF345X03/wf-form4_147683557180521.xml,0
2016-10-18,2016,4,0001628280-16-020120,xslF345X03/wf-form4_147683550360347.xml,0
2016-10-18,2016,4,0001628280-16-020119,xslF345X03/wf-form4_147683544277276.xml,0
2016-10-18,2016,4,0001628280-16-020118,xslF345X03/wf-form4_147683540573594.xml,0
2016-10-18,2016,4,0001628280-16-020117,xslF345X03/wf-form4_147683535525169.xml,0
2016-10-18,2016,4,0001628280-16-020116,xslF345X03/wf-form4_147683531628153.xml,0
2016-10-18,2016,4,0001628280-16-020115,xslF345X03/wf-form4_147683527630432.xml,0
2016-10-04,2016,4,0001628280-16-019941,xslF345X03/wf-form4_147562055033231.xml,0
2016-10-04,2016,4,0001628280-16-019940,xslF345X03/wf-form4_147562050387961.xml,0
2016-10-04,2016,4,0001628280-16-019939,xslF345X03/wf-form4_147562043093453.xml,0
2016-10-04,2016,4,0001628280-16-019938,xslF345X03/wf-form4_147562038659364.xml,0
2016-10-04,2016,4,0001628280-16-019937,xslF345X03/wf-form4_147562034516967.xml,0
2016-10-04,2016,4,0001628280-16-019936,xslF345X03/wf-form4_147562028803402.xml,0
2016-10-04,2016,4,0001628280-16-019935,xslF345X03/wf-form4_147562023937228.xml,0
2016-09-23,2016,4,0001628280-16-019757,xslF345X03/wf-form4_147467014510458.xml,0
2016-09-23,2016,4,0001628280-16-019756,xslF345X03/wf-form4_147467002403491.xml,0
2016-09-07,2016,4,0001628280-16-019444,xslF345X03/wf-form4_147328750918915.xml,0
2016-08-31,2016,4,0001628280-16-019324,xslF345X03/wf-form4_147268268998840.xml,0
2016-08-31,2016,4,0001628280-16-019323,xslF345X03/wf-form4_147268262634629.xml,0
2016-08-26,2016,4,0001628280-16-019269,xslF345X03/wf-form4_147224477588332.xml,0
2016-08-25,2016,4,0001628280-16-019247,xslF345X03/wf-form4_147216446949087.xml,0
2016-08-25,2016,4,0001628280-16-019246,xslF345X03/wf-form4_147216426172341.xml,0
2016-08-18,2016,4,0001628280-16-019152,xslF345X03/wf-form4_147155961339791.xml,0
2016-08-18,2016,4,0001628280-16-019151,xslF345X03/wf-form4_147155955918611.xml,0
2016-08-18,2016,4,0001628280-16-019150,xslF345X03/wf-form4_147155947423717.xml,0
2016-08-17,2016,4,0001628280-16-019109,xslF345X03/wf-form4_147147307599444.xml,0
2016-08-16,2016,4,0001628280-16-019099,xslF345X03/wf-form4_147138668237470.xml,0
2016-08-11,2016,4,0001628280-16-018921,xslF345X03/wf-form4_147095468544061.xml,0
2016-08-09,2016,4,0001628280-16-018832,xslF345X03/wf-form4_147078185707166.xml,0
2016-08-05,2016,4,0001628280-16-018636,xslF345X03/wf-form4_147043633400483.xml,0
2016-08-04,2016,8-K,0001193125-16-672044,d234980d8k.htm,0
2016-07-29,2016,424B2,0001193125-16-664603,d219391d424b2.htm,0
2016-07-29,2016,FWP,0001193125-16-662761,d234184dfwp.htm,0
2016-07-28,2016,424B2,0001193125-16-661201,d219391d424b2.htm,0
2016-07-27,2016,10-Q,0001628280-16-017809,a10-qq320166252016.htm,0
2016-07-26,2016,8-K,0001628280-16-017762,a8-kq320166252016.htm,0
2016-07-20,2016,4,0001628280-16-017677,xslF345X03/wf-form4_146905391104938.xml,0
2016-06-22,2016,8-K,0001193125-16-628957,d209946d8k.htm,0
2016-06-16,2016,4,0001209191-16-128301,xslF345X03/doc4.xml,0
2016-06-08,2016,424B2,0001193125-16-616649,d170613d424b2.htm,0
2016-06-07,2016,FWP,0001193125-16-615362,d205760dfwp.htm,0
2016-06-07,2016,424B2,0001193125-16-614374,d170613d424b2.htm,0
2016-06-02,2016,4,0001209191-16-125278,xslF345X03/doc4.xml,0
2016-06-01,2016,4,0001209191-16-124774,xslF345X03/doc4.xml,0
2016-06-01,2016,4,0001209191-16-124773,xslF345X03/doc4.xml,0
2016-06-01,2016,4,0001209191-16-124771,xslF345X03/doc4.xml,0
2016-05-31,2016,4,0001209191-16-124457,xslF345X03/doc4.xml,0
2016-05-31,2016,4,0001209191-16-124453,xslF345X03/doc4.xml,0
2016-05-25,2016,4,0001209191-16-123335,xslF345X03/doc4.xml,0
2016-05-03,2016,4,0001209191-16-117168,xslF345X03/doc4.xml,0
2016-04-28,2016,S-3ASR,0001193125-16-564177,d148887ds3asr.htm,0
2016-04-27,2016,10-Q,0001193125-16-559625,d165350d10q.htm,0
2016-04-26,2016,8-K,0001193125-16-556520,d325078d8k.htm,0
2016-04-19,2016,4,0001209191-16-114938,xslF345X03/doc4.xml,0
2016-04-19,2016,4,0001209191-16-114936,xslF345X03/doc4.xml,0
2016-04-19,2016,4,0001209191-16-114935,xslF345X03/doc4.xml,0
2016-04-05,2016,4,0001209191-16-113272,xslF345X03/doc4.xml,0
2016-04-05,2016,4,0001209191-16-113271,xslF345X03/doc4.xml,0
2016-04-05,2016,4,0001209191-16-113269,xslF345X03/doc4.xml,0
2016-04-05,2016,4,0001209191-16-113268,xslF345X03/doc4.xml,0
2016-04-05,2016,4,0001209191-16-113266,xslF345X03/doc4.xml,0
2016-04-05,2016,4,0001209191-16-113265,xslF345X03/doc4.xml,0
2016-04-01,2016,4,0001209191-16-111818,xslF345X03/doc4.xml,0
2016-03-30,2016,SD,0001193125-16-523320,d168894dsd.htm,0
2016-03-24,2016,8-K,0001193125-16-516891,d161597d8k.htm,0
2016-03-23,2016,4,0001209191-16-110273,xslF345X03/doc4.xml,0
2016-03-23,2016,4,0001209191-16-110272,xslF345X03/doc4.xml,0
2016-03-23,2016,4,0001209191-16-110271,xslF345X03/doc4.xml,0
2016-03-18,2016,424B2,0001193125-16-510499,d160217d424b2.htm,0
2016-03-18,2016,FWP,0001193125-16-509001,d168347dfwp.htm,0
2016-03-17,2016,4,0001209191-16-109249,xslF345X03/doc4.xml,0
2016-03-17,2016,424B2,0001193125-16-507590,d160217d424b2.htm,0
2016-03-08,2016,4,0001209191-16-107130,xslF345X03/doc4.xml,0
2016-03-01,2016,4,0001209191-16-104163,xslF345X03/doc4.xml,0
2016-03-01,2016,4,0001209191-16-104160,xslF345X03/doc4.xml,0
2016-03-01,2016,4,0001209191-16-104159,xslF345X03/doc4.xml,0
2016-03-01,2016,4,0001209191-16-104158,xslF345X03/doc4.xml,0
2016-03-01,2016,4,0001209191-16-104157,xslF345X03/doc4.xml,0
2016-03-01,2016,4,0001209191-16-104155,xslF345X03/doc4.xml,0
2016-03-01,2016,4,0001209191-16-104154,xslF345X03/doc4.xml,0
2016-03-01,2016,8-K,0001193125-16-488223,d150918d8k.htm,0
2016-02-23,2016,8-K,0001193125-16-473562,d143184d8k.htm,0
2016-02-17,2016,4,0001209191-16-099481,xslF345X03/doc4.xml,0
2016-02-17,2016,424B2,0001193125-16-467194,d60003d424b2.htm,0
2016-02-17,2016,FWP,0001193125-16-466166,d136832dfwp.htm,0
2016-02-16,2016,424B2,0001193125-16-463982,d60003d424b2.htm,0
2016-02-10,2016,SC 13G/A,0000932471-16-011528,appleinc.htm,0
2016-02-03,2016,4,0001209191-16-095503,xslF345X03/doc4.xml,0
2016-02-03,2016,4,0001209191-16-095501,xslF345X03/doc4.xml,0
2016-02-03,2016,4,0001209191-16-095500,xslF345X03/doc4.xml,0
2016-02-03,2016,4,0001209191-16-095498,xslF345X03/doc4.xml,0
2016-02-03,2016,4,0001209191-16-095495,xslF345X03/doc4.xml,0
2016-02-03,2016,4,0001209191-16-095494,xslF345X03/doc4.xml,0
2016-02-03,2016,4,0001209191-16-095491,xslF345X03/doc4.xml,0
2016-01-27,2016,10-Q,0001193125-16-439878,d66145d10q.htm,0
2016-01-26,2016,8-K,0001193125-16-438421,d22806d8k.htm,0
2016-01-25,2016,SC 13G/A,0000215457-16-002043,apple.inc.2015.txt,0
2016-01-14,2016,PX14A6G,0001214659-16-008862,m112160px14a6g.htm,0
2016-01-06,2016,DEFA14A,0001193125-16-422534,d10999ddefa14a.htm,0
2016-01-06,2016,DEF 14A,0001193125-16-422528,d79474ddef14a.htm,0
2015-12-28,2015,3,0001209191-15-087193,xslF345X02/doc3.xml,0
2015-12-22,2015,8-K,0001193125-15-410853,d55543d8k.htm,0
2015-12-17,2015,8-K,0001193125-15-406279,d107635d8k.htm,0
2015-12-14,2015,NO ACT,9999999997-15-015765,9999999997-15-015765.paper,0
2015-12-11,2015,NO ACT,9999999997-15-016011,9999999997-15-016011.paper,0
2015-11-16,2015,NO ACT,9999999997-15-014868,9999999997-15-014868.paper,0
2015-11-16,2015,NO ACT,9999999997-15-014867,9999999997-15-014867.paper,0
2015-11-10,2015,4,0001209191-15-079403,xslF345X03/doc4.xml,0
2015-11-06,2015,4,0001209191-15-078971,xslF345X03/doc4.xml,0
2015-11-03,2015,4,0001209191-15-078197,xslF345X03/doc4.xml,0
2015-11-03,2015,4,0001209191-15-078196,xslF345X03/doc4.xml,0
2015-11-03,2015,4,0001209191-15-078195,xslF345X03/doc4.xml,0
2015-10-28,2015,10-K,0001193125-15-356351,d17062d10k.htm,1
2015-10-27,2015,8-K,0001193125-15-354756,d74332d8k.htm,0
2015-10-22,2015,4,0001209191-15-076492,xslF345X03/doc4.xml,0
2015-10-19,2015,4,0001209191-15-076174,xslF345X03/doc4.xml,0
2015-10-19,2015,4,0001209191-15-076173,xslF345X03/doc4.xml,0
2015-10-19,2015,4,0001209191-15-076172,xslF345X03/doc4.xml,0
2015-10-07,2015,4,0001209191-15-074803,xslF345X03/doc4.xml,0
2015-10-07,2015,4,0001209191-15-074802,xslF345X03/doc4.xml,0
2015-10-07,2015,4,0001209191-15-074801,xslF345X03/doc4.xml,0
2015-10-07,2015,4,0001209191-15-074800,xslF345X03/doc4.xml,0
2015-10-07,2015,4,0001209191-15-074797,xslF345X03/doc4.xml,0
2015-10-07,2015,4,0001209191-15-074796,xslF345X03/doc4.xml,0
2015-10-07,2015,4,0001209191-15-074795,xslF345X03/doc4.xml,0
2015-10-07,2015,4,0001209191-15-074794,xslF345X03/doc4.xml,0
2015-10-07,2015,4,0001209191-15-074792,xslF345X03/doc4.xml,0
2015-10-05,2015,4,0001209191-15-074155,xslF345X03/doc4.xml,0
2015-10-05,2015,4,0001209191-15-074153,xslF345X03/doc4.xml,0
2015-10-05,2015,4,0001209191-15-074152,xslF345X03/doc4.xml,0
2015-10-05,2015,4,0001209191-15-074151,xslF345X03/doc4.xml,0
2015-10-05,2015,4,0001209191-15-074148,xslF345X03/doc4.xml,0
2015-10-05,2015,4,0001209191-15-074146,xslF345X03/doc4.xml,0
2015-10-05,2015,4,0001209191-15-074143,xslF345X03/doc4.xml,0
2015-10-02,2015,4,0001209191-15-073531,xslF345X03/doc4.xml,0
2015-10-02,2015,3,0001209191-15-073530,xslF345X02/doc3.xml,0
2015-10-02,2015,8-K,0001193125-15-336615,d10101d8k.htm,0
2015-09-18,2015,CERTNYS,9999999997-15-013472,9999999997-15-013472.paper,0
2015-09-17,2015,4,0001209191-15-071245,xslF345X03/doc4.xml,0
2015-09-17,2015,8-A12B,0001193125-15-322479,d88188d8a12b.htm,0
2015-09-17,2015,8-K,0001193125-15-322466,d31615d8k.htm,0
2015-09-11,2015,424B2,0001193125-15-318535,d13049d424b2.htm,0
2015-09-10,2015,FWP,0001193125-15-317144,d92507dfwp.htm,0
2015-09-10,2015,424B2,0001193125-15-316498,d13049d424b2.htm,0
2015-09-09,2015,4,0001209191-15-070022,xslF345X03/doc4.xml,0
2015-09-09,2015,UPLOAD,0000000000-15-044866,filename1.pdf,0
2015-08-31,2015,CORRESP,0001193125-15-307923,filename1.htm,0
2015-08-25,2015,4,0001209191-15-067882,xslF345X03/doc4.xml,0
2015-08-25,2015,4,0001209191-15-067879,xslF345X03/doc4.xml,0
2015-08-18,2015,4,0001209191-15-066683,xslF345X03/doc4.xml,0
2015-08-03,2015,CERTNYS,9999999997-15-012341,9999999997-15-012341.paper,0
2015-08-03,2015,8-A12B,0001193125-15-273818,d32826d8a12b.htm,0
2015-07-31,2015,8-K,0001193125-15-273023,d12789d8k.htm,0
2015-07-28,2015,4,0000899243-15-001800,xslF345X03/doc4.xml,0
2015-07-28,2015,4,0000899243-15-001799,xslF345X03/doc4.xml,0
2015-07-27,2015,424B2,0001193125-15-264078,d12679d424b2.htm,0
2015-07-24,2015,FWP,0001193125-15-262731,d95725dfwp.htm,0
2015-07-24,2015,424B2,0001193125-15-261843,d12679d424b2.htm,0
2015-07-22,2015,10-Q,0001193125-15-259935,d927922d10q.htm,0
2015-07-21,2015,4,0001181431-15-008793,xslF345X03/rrd426012.xml,0
2015-07-21,2015,8-K,0001193125-15-258464,d927923d8k.htm,0
2015-06-26,2015,4,0001181431-15-008603,xslF345X03/rrd425932.xml,0
2015-06-10,2015,8-K,0001193125-15-219298,d938654d8k.htm,0
2015-06-04,2015,424B2,0001193125-15-213423,d933467d424b2.htm,0
2015-06-04,2015,FWP,0001193125-15-212514,d933467dfwp.htm,0
2015-06-01,2015,4,0001181431-15-007696,xslF345X03/rrd425345.xml,0
2015-06-01,2015,424B2,0001193125-15-207526,d933467d424b2.htm,0
2015-05-29,2015,4,0001181431-15-007653,xslF345X03/rrd425310.xml,0
2015-05-29,2015,4,0001181431-15-007652,xslF345X03/rrd425353.xml,0
2015-05-19,2015,UPLOAD,0000000000-15-027161,filename1.pdf,0
2015-05-13,2015,8-K,0001193125-15-186064,d923398d8k.htm,0
2015-05-07,2015,424B2,0001193125-15-177428,d889792d424b2.htm,0
2015-05-07,2015,FWP,0001193125-15-175208,d889792dfwp.htm,0
2015-05-06,2015,424B2,0001193125-15-173308,d889792d424b2.htm,0
2015-05-05,2015,4,0001181431-15-006536,xslF345X03/rrd424652.xml,0
2015-05-04,2015,4,0001181431-15-006426,xslF345X03/rrd424602.xml,0
2015-04-28,2015,S-8,0001193125-15-153187,d915435ds8.htm,0
2015-04-28,2015,10-Q,0001193125-15-153166,d892246d10q.htm,0
2015-04-27,2015,4,0001181431-15-006137,xslF345X03/rrd424453.xml,0
2015-04-27,2015,4,0001181431-15-006136,xslF345X03/rrd424455.xml,0
2015-04-27,2015,8-K,0001193125-15-149607,d914157d8k.htm,0
2015-04-27,2015,8-K,0001193125-15-149590,d901296d8k.htm,0
2015-04-22,2015,4,0001181431-15-006034,xslF345X03/rrd424430.xml,0
2015-04-17,2015,4,0001181431-15-005969,xslF345X03/rrd424332.xml,0
2015-04-17,2015,4,0001181431-15-005967,xslF345X03/rrd424333.xml,0
2015-04-17,2015,4,0001181431-15-005966,xslF345X03/rrd424344.xml,0
2015-04-08,2015,4,0001181431-15-005693,xslF345X03/rrd424180.xml,0
2015-04-03,2015,4,0001181431-15-005581,xslF345X03/rrd424012.xml,0
2015-04-03,2015,4,0001181431-15-005580,xslF345X03/rrd424018.xml,0
2015-04-01,2015,CORRESP,0001193125-15-115893,filename1.htm,0
2015-03-20,2015,4,0001181431-15-004959,xslF345X03/rrd423730.xml,0
2015-03-17,2015,4,0001181431-15-004784,xslF345X03/rrd423619.xml,0
2015-03-13,2015,8-K,0001104659-15-019336,a15-5624_18k.htm,0
2015-03-12,2015,4,0001181431-15-004550,xslF345X03/rrd423480.xml,0
2015-03-12,2015,4,0001181431-15-004549,xslF345X03/rrd423481.xml,0
2015-03-12,2015,4,0001181431-15-004548,xslF345X03/rrd423482.xml,0
2015-03-12,2015,4,0001181431-15-004547,xslF345X03/rrd423483.xml,0
2015-03-12,2015,4,0001181431-15-004546,xslF345X03/rrd423484.xml,0
2015-03-12,2015,4,0001181431-15-004545,xslF345X03/rrd423485.xml,0
2015-03-11,2015,4,0001181431-15-004514,xslF345X03/rrd423486.xml,0
2015-03-06,2015,4,0001181431-15-004300,xslF345X03/rrd423308.xml,0
2015-03-04,2015,UPLOAD,0000000000-15-013496,filename1.pdf,0
2015-02-20,2015,4,0001181431-15-002943,xslF345X03/rrd422565.xml,0
2015-02-18,2015,4,0001181431-15-002743,xslF345X03/rrd422429.xml,0
2015-02-12,2015,SD,0001193125-15-045292,d864750dsd.htm,0
2015-02-10,2015,SC 13G,0000932471-15-003679,appleinc.htm,0
2015-02-09,2015,8-K,0001193125-15-039270,d868302d8k.htm,0
2015-02-03,2015,4,0001181431-15-001907,xslF345X03/rrd421940.xml,0
2015-02-03,2015,4,0001181431-15-001906,xslF345X03/rrd421942.xml,0
2015-02-03,2015,4,0001181431-15-001903,xslF345X03/rrd421943.xml,0
2015-02-03,2015,4,0001181431-15-001902,xslF345X03/rrd421944.xml,0
2015-02-03,2015,4,0001181431-15-001901,xslF345X03/rrd421946.xml,0
2015-02-03,2015,4,0001181431-15-001900,xslF345X03/rrd421947.xml,0
2015-02-03,2015,4,0001181431-15-001898,xslF345X03/rrd421948.xml,0
2015-02-03,2015,424B2,0001193125-15-031599,d861669d424b2.htm,0
2015-02-03,2015,FWP,0001193125-15-030106,d864529dfwp.htm,0
2015-02-02,2015,SC 13G/A,0001086364-15-001457,apple.inc.txt,0
2015-02-02,2015,424B2,0001193125-15-028777,d861669d424b2.htm,0
2015-01-30,2015,3,0001181431-15-001700,xslF345X02/rrd421794.xml,0
2015-01-28,2015,8-K,0001193125-15-023732,d835617d8k.htm,0
2015-01-28,2015,10-Q,0001193125-15-023697,d835533d10q.htm,0
2015-01-27,2015,4,0001181431-15-001513,xslF345X03/rrd421705.xml,0
2015-01-27,2015,8-K,0001193125-15-021857,d835619d8k.htm,0
2015-01-22,2015,DEFA14A,0001193125-15-017614,d851928ddefa14a.htm,0
2015-01-22,2015,DEF 14A,0001193125-15-017607,d774604ddef14a.htm,0
2015-01-02,2015,4,0001181431-15-000052,xslF345X03/rrd420908.xml,0
2014-12-30,2014,NO ACT,9999999997-15-000140,9999999997-15-000140.paper,0
2014-12-29,2014,NO ACT,9999999997-15-000139,9999999997-15-000139.paper,0
2014-12-23,2014,4,0001181431-14-039555,xslF345X03/rrd420694.xml,0
2014-12-11,2014,NO ACT,9999999997-14-016001,9999999997-14-016001.paper,0
2014-12-04,2014,NO ACT,9999999997-14-015701,9999999997-14-015701.paper,0
2014-11-25,2014,4,0001181431-14-037340,xslF345X03/rrd419334.xml,0
2014-11-21,2014,4,0001181431-14-037066,xslF345X03/rrd419259.xml,0
2014-11-13,2014,CERTNYS,9999999997-14-015004,9999999997-14-015004.paper,0
2014-11-12,2014,8-A12B,0001193125-14-409218,d818845d8a12b.htm,0
2014-11-10,2014,8-K,0001193125-14-406296,d816414d8k.htm,0
2014-11-07,2014,4,0001181431-14-035942,xslF345X03/rrd418443.xml,0
2014-11-05,2014,424B2,0001193125-14-398779,d812009d424b2.htm,0
2014-11-04,2014,FWP,0001193125-14-395979,d817191dfwp.htm,0
2014-11-04,2014,424B2,0001193125-14-394996,d812009d424b2.htm,0
2014-10-31,2014,4,0001181431-14-035179,xslF345X03/rrd418098.xml,0
2014-10-27,2014,10-K,0001193125-14-383437,d783162d10k.htm,1
2014-10-23,2014,4,0001181431-14-034755,xslF345X03/rrd417838.xml,0
2014-10-21,2014,4,0001181431-14-034625,xslF345X03/rrd417741.xml,0
2014-10-21,2014,4,0001181431-14-034624,xslF345X03/rrd417740.xml,0
2014-10-21,2014,4,0001181431-14-034623,xslF345X03/rrd417739.xml,0
2014-10-21,2014,4,0001181431-14-034622,xslF345X03/rrd417738.xml,0
2014-10-21,2014,4,0001181431-14-034621,xslF345X03/rrd417737.xml,0
2014-10-21,2014,4,0001181431-14-034620,xslF345X03/rrd417735.xml,0
2014-10-21,2014,4,0001181431-14-034619,xslF345X03/rrd417734.xml,0
2014-10-21,2014,4,0001181431-14-034618,xslF345X03/rrd417707.xml,0
2014-10-20,2014,8-K,0001193125-14-376361,d806538d8k.htm,0
2014-10-17,2014,4,0001181431-14-034487,xslF345X03/rrd417631.xml,0
2014-10-17,2014,4,0001181431-14-034486,xslF345X03/rrd417627.xml,0
2014-10-17,2014,4,0001181431-14-034485,xslF345X03/rrd417626.xml,0
2014-09-23,2014,4,0001181431-14-032544,xslF345X03/rrd416531.xml,0
2014-09-23,2014,4,0001181431-14-032543,xslF345X03/rrd416547.xml,0
2014-09-23,2014,4,0001181431-14-032542,xslF345X03/rrd416551.xml,0
2014-09-23,2014,4,0001181431-14-032541,xslF345X03/rrd416555.xml,0
2014-09-23,2014,4,0001181431-14-032540,xslF345X03/rrd416559.xml,0
2014-09-17,2014,4,0001181431-14-032241,xslF345X03/rrd416175.xml,0
2014-09-11,2014,4,0001181431-14-031782,xslF345X03/rrd415983.xml,0
2014-09-08,2014,4,0001181431-14-031565,xslF345X03/rrd415652.xml,0
2014-08-26,2014,4,0001181431-14-030218,xslF345X03/rrd415064.xml,0
2014-08-12,2014,4,0001181431-14-029015,xslF345X03/rrd414390.xml,0
2014-07-25,2014,4,0001181431-14-027428,xslF345X03/rrd413478.xml,0
2014-07-23,2014,8-K,0001193125-14-277193,d757212d8k.htm,0
2014-07-23,2014,10-Q,0001193125-14-277160,d740164d10q.htm,0
2014-07-22,2014,8-K,0001193125-14-275598,d760213d8k.htm,0
2014-07-17,2014,4,0001181431-14-026992,xslF345X03/rrd413224.xml,0
2014-07-17,2014,3,0001181431-14-026991,xslF345X02/rrd413223.xml,0
2014-07-17,2014,8-K,0001193125-14-271698,d758295d8k.htm,0
2014-06-26,2014,4,0001181431-14-025088,xslF345X03/rrd412295.xml,0
2014-06-06,2014,8-K,0001193125-14-228798,d739696d8k.htm,0
2014-06-03,2014,4,0001181431-14-022494,xslF345X03/rrd410759.xml,0
2014-06-03,2014,4,0001181431-14-022493,xslF345X03/rrd410741.xml,0
2014-05-30,2014,4,0001181431-14-021968,xslF345X03/rrd410500.xml,0
2014-05-30,2014,4,0001181431-14-021967,xslF345X03/rrd410403.xml,0
2014-05-30,2014,8-K,0001181431-14-021923,rrd410610.htm,0
2014-05-29,2014,SD,0001193125-14-217311,d729300dsd.htm,0
2014-05-06,2014,8-K,0001193125-14-184969,d721207d8k.htm,0
2014-05-05,2014,4,0001181431-14-017960,xslF345X03/rrd408240.xml,0
2014-05-05,2014,3,0001181431-14-017959,xslF345X02/rrd408156.xml,0
2014-04-30,2014,424B2,0001193125-14-172859,d717108d424b2.htm,0
2014-04-30,2014,FWP,0001193125-14-168389,d720312dfwp.htm,0
2014-04-29,2014,424B2,0001193125-14-164929,d717108d424b2.htm,0
2014-04-28,2014,4,0001181431-14-017038,xslF345X03/rrd407683.xml,0
2014-04-25,2014,S-8,0001193125-14-160171,d715382ds8.htm,0
2014-04-24,2014,4,0001181431-14-016878,xslF345X03/rrd407684.xml,0
2014-04-24,2014,10-Q,0001193125-14-157311,d694710d10q.htm,0
2014-04-23,2014,8-K,0001193125-14-154883,d715379d8k.htm,0
2014-04-23,2014,8-K,0001193125-14-154871,d715148d8k.htm,0
2014-04-17,2014,4,0001181431-14-016473,xslF345X03/rrd407494.xml,0
2014-04-17,2014,4,0001181431-14-016472,xslF345X03/rrd407498.xml,0
2014-04-17,2014,4,0001181431-14-016471,xslF345X03/rrd407500.xml,0
2014-03-31,2014,4,0001181431-14-014578,xslF345X03/rrd406363.xml,0
2014-03-18,2014,4,0001181431-14-013269,xslF345X03/rrd405745.xml,0
2014-03-11,2014,4,0001181431-14-012193,xslF345X03/rrd405014.xml,0
2014-03-06,2014,4,0001181431-14-011331,xslF345X03/rrd404606.xml,0
2014-03-05,2014,4,0001181431-14-011161,xslF345X03/rrd404166.xml,0
2014-03-05,2014,4,0001181431-14-011160,xslF345X03/rrd404163.xml,0
2014-03-05,2014,4,0001181431-14-011159,xslF345X03/rrd404157.xml,0
2014-03-05,2014,4,0001181431-14-011158,xslF345X03/rrd404150.xml,0
2014-03-05,2014,4,0001181431-14-011157,xslF345X03/rrd404168.xml,0
2014-03-05,2014,4,0001181431-14-011156,xslF345X03/rrd403757.xml,0
2014-03-05,2014,8-K,0001193125-14-084697,d684095d8k.htm,0
2014-03-04,2014,4,0001181431-14-010723,xslF345X03/rrd403925.xml,0
2014-03-04,2014,4,0001181431-14-010722,xslF345X03/rrd403923.xml,0
2014-03-04,2014,4,0001181431-14-010721,xslF345X03/rrd403922.xml,0
2014-03-04,2014,4,0001181431-14-010719,xslF345X03/rrd403921.xml,0
2014-03-04,2014,4,0001181431-14-010717,xslF345X03/rrd403920.xml,0
2014-03-04,2014,4,0001181431-14-010713,xslF345X03/rrd403919.xml,0
2014-03-04,2014,4,0001181431-14-010711,xslF345X03/rrd403918.xml,0
2014-02-27,2014,4,0001181431-14-009735,xslF345X03/rrd403790.xml,0
2014-02-12,2014,4,0001181431-14-006584,xslF345X03/rrd401059.xml,0
2014-02-12,2014,4,0001181431-14-006582,xslF345X03/rrd401067.xml,0
2014-02-12,2014,4,0001181431-14-006581,xslF345X03/rrd401076.xml,0
2014-02-12,2014,4,0001181431-14-006580,xslF345X03/rrd401079.xml,0
2014-02-12,2014,4,0001181431-14-006579,xslF345X03/rrd401081.xml,0
2014-02-10,2014,PX14A6G,0000928464-14-000013,aaplpx14a6g021014.htm,0
2014-02-10,2014,PX14A6G,0001214659-14-001019,m210141px14a6g.htm,0
2014-02-07,2014,PX14A6G,0000928464-14-000010,aaplpx14a6gno2020714.htm,0
2014-02-07,2014,PX14A6G,0000928464-14-000008,aaplpx14a6g020714.htm,0
2014-02-04,2014,4,0001181431-14-005068,xslF345X03/rrd401089.xml,0
2014-02-04,2014,4,0001181431-14-005067,xslF345X03/rrd401114.xml,0
2014-02-04,2014,4,0001181431-14-005066,xslF345X03/rrd401118.xml,0
2014-02-04,2014,4,0001181431-14-005065,xslF345X03/rrd401119.xml,0
2014-02-04,2014,4,0001181431-14-005064,xslF345X03/rrd401122.xml,0
2014-02-04,2014,4,0001181431-14-005063,xslF345X03/rrd401124.xml,0
2014-02-04,2014,4,0001181431-14-005062,xslF345X03/rrd401125.xml,0
